question,answer
The translation of the given content into Chinese is: 商品已经送达，但是有缺陷。他希望得到一份替换订单。,亲爱的客户，我们为给您带来的任何不便表示歉意。您能否向我们提供关于您手机问题的更多细节？如果您能向我们发送设备的照片，以保护您免受任何争议，包括开机、关机和发货前的背面照片，那将非常棒。我们将在下一条消息中为您发布一张免费的退货标签。谢谢！
电话坏了，无法开机。请退款或寄送一个能用的产品。,亲爱的客户，我们为给您带来的任何不便表示歉意。请不要担心，我们可以为您提供一份新的替换产品。请将以下信息发送给我们：1. 为了保护您免受潜在的纠纷，请提供设备的照片，包括开机和关机的屏幕照片以及背面照片。请仔细确认手机是否遭受过摔落/压力/水浸或类似损坏。2. 请提供您的收货地址、收件人姓名和电话号码，以便我们为您生成免费的退货标签，并指导您如何退回有问题的产品。谢谢，期待您的回复。祝好。
请退款。谢谢。,"亲爱的客户，
请您发送设备的照片，以保护您免受任何纠纷，包括开启和关闭的屏幕照片以及发货前的背面照片。附上免费的运输标签，请查收。
请仔细遵循以下指示，如果未能遵循这些指示，我们将不得不退还您的设备。
1. 如果您的设备有密码锁，请将其关闭或将密码写在一张纸上放入盒子中。
2. 解除与您的iCloud账户的关联。如果退回的手机上连接了iCloud账户，这将延缓您的售后处理过程。如果您无法解除与iCloud账户的关联，请告知我们。
3. 备份您的数据并取出SIM卡。
4. 然后，您可以将产品包装好。请使用足够坚固的包装，并将所有收到的配件一起退回。请仔细包装产品，以保护您免受任何纠纷。
5. 在包裹上打印运输标签。
6. 您可以将包裹送到以下地址：18 RUE DE L HOTEL DES POSTES，06000 NICE，法国。
如果这个地址不适合您，您可以在运输公司的网站上查看附近的投递点列表。
一旦我们收到您退回的产品并符合要求，我们将在48个工作小时内发送替换产品给您。
再次为给您带来的不便表示歉意，并感谢您的理解。
请等待回复！"
"Please translate the following content into Chinese:

""Hello, how are you? I hope you are doing well. I wanted to ask if you have any plans for the weekend. It would be great to catch up and spend some time together. Let me know if you're available. Take care!""","亲爱的客户，
我们知道您的手机无法开机。因此，您可能无法在手机上关闭iCloud帐户。请按照以下说明使用笔记本电脑或台式电脑退出iCloud帐户。您无需手机，只需使用电脑或笔记本电脑即可。

1. 打开网页：https://www.icloud.com/，并登录您的iCloud帐户，该帐户与您的设备关联。

2. 如果启用了双重认证，您应该会在受信任的设备上收到一条验证代码。如果没有收到，请将SIM卡插入新设备，然后点击“没有收到代码？”再点击“发送短信”。

3. 点击“查找”。如果您看不到“查找”应用程序，则表示您未登录正确的iCloud帐户，请确保使用的是与您的设备关联的Apple ID。

4. 在窗口顶部点击“所有我的设备”。如果您看不到“所有我的设备”，则表示您已经选择了一个设备。点击工具栏中央的当前设备名称，以访问设备列表，然后选择另一个设备。

5. 选择要断开连接的Apple设备，它必须处于离线状态（左侧显示灰色点）。如果设备已关闭或断开与任何互联网网络的连接，则被视为离线。

6. 点击“从帐户中删除”。如果您看不到“从帐户中删除”按钮，请确保断开设备连接（关闭设备）。

7. Apple会要求您确认删除设备。点击“删除”。最后，Apple会要求您输入密码以确认删除。输入您的密码，然后点击“删除”。

通过这种方式，您将成功从设备上退出iCloud帐户。

谢谢。"
I would like a full refund.,亲爱的客户，请使用我们提供的免费退货标签将您的手机寄回。在收到无问题的手机后，我们将退款给您。在寄送手机之前，请提供手机正面和背面的照片，以及解除iCloud的照片。请在寄送手机后通知我们。感谢您的合作！
Can you send me the return label? Where should I put it?,"亲爱的客户，请您在发货前向我们发送设备的照片，以保护您免受任何纠纷。请提供设备的开机和关机照片以及背面盖。附上免费的发货标签，请仔细遵循以下说明，如果未按照说明操作，我们将不得不退还您的设备。

1. 如果您的设备有密码锁，请先解锁或将密码写在一张纸上放入包装盒中。
2. 解除与您的iCloud账户的关联。如果退回的手机上仍然连接着iCloud账户，将会延缓您的售后处理。如果您无法解除iCloud账户，请告知我们。
3. 备份您的数据并取出SIM卡。
4. 然后您可以将产品包装好。请使用足够坚固的包装，并将所有收到的配件一同退回。请仔细包装以保护产品免受任何纠纷。
5. 在包裹上打印发货标签。
6. 您可以将包裹送至以下地址：法国拉弗诺斯拉卡斯31410融合街1号。如果您不方便送至该地址，您可以在承运人的网站上查看附近的送货点列表。
7. 请注意，如果您使用自己的承运人寄送包裹，我们只能根据发票最多退还17欧元的运费。一旦我们收到您退回的产品并符合要求，我们将在48个工作小时内发送替换产品。再次对给您带来的不便表示歉意，并感谢您的理解。期待您的回复！"
无法开机,亲爱的客户，我们为给您带来的任何不便表示歉意。请不要担心，我们可以在收到后为您提供一份新的替换产品。请您发送以下信息给我们：1. 为了保护您免受任何争议，请发送设备的照片，包括屏幕照片和背面照片。并请仔细确认手机是否遭受过摔落/压力/水浸或类似损坏。2. 请确认您的送货地址如下，以便我们为您生成免费的退货标签，并指导您如何退回有问题的产品。谢谢，期待您的回复。此致
触摸屏故障：,亲爱的客户，我们对给您带来的任何不便表示歉意。请不要担心，我们可以在收到后为您提供一次新的更换。请您发送以下信息给我们：1. 为了保护您免受任何争议，请发送设备的照片，包括开机和关机的屏幕照片以及背面照片。并请仔细确认手机是否遭受过摔落/压力/水浸或类似损坏。2. 请确认您的送货地址如下，以便我们为您生成免费的退货标签，并指导您如何退回有问题的产品。谢谢，期待您的回复。诚挚地。
没有任何损坏：,亲爱的客户，附上免费送货标签。请仔细遵循以下说明，如果不遵循这些说明，我们将不得不退还您的设备。1. 如果您的设备有锁定码，请将其关闭或将其写在一张纸上放入包裹中。2. 解除您的iCloud账户连接。如果退还的手机与iCloud账户连接，将会延缓您的售后处理过程。3. 备份您的数据并取出SIM卡。4. 然后，您可以将产品包装好。请使用足够坚固的包装，并将所有收到的配件一起退还。请仔细包装以保护自己免受潜在的争议。5. 在包裹上打印运输标签。6. 您可以将包裹送到以下地址：法国拉图尔迪格布尔瓦德84240号。如果这个地址不适合您，您可以查看运输公司的网站以获取附近的送货点列表。一旦我们收到退还的产品并确认符合要求，我们将在48个工作小时内发送换货给您。再次为给您带来的不便表示歉意，并感谢您的理解。期待您的回复！
"Mobile phone deformation, battery expansion, warranty repair or replacement request.",亲爱的客户，我们对此感到非常抱歉。请您发送手机的照片以展示问题（同时包括开启和关闭的屏幕以及背面覆盖）。并请仔细确认手机是否遭受过摔落/挤压/水浸或类似的损坏。谢谢。问候。
I am applying for a refund or repair.,亲爱的客户，我们为任何不便向您道歉。请不要担心，我们可以为您提供修理服务。请确认以下地址是否正确，以便我们能够为您提供免费的退货标签。期待尽快收到您的回复！
The phone suddenly shut down and can no longer be turned on again.,亲爱的客户，我们非常抱歉给您带来的不便。现在可以给手机充电吗？您可以尝试使用另一个兼容的充电器和充电线来给手机充电吗？如果手机可以正常充电，请在几个小时后充电并尝试重新开机。如果手机无法正常充电并且仍无法开机，请联系我们。无论如何，请不要担心，我们的商店提供一年的保修期，并会给您一个满意的解决方案。
无法充电,"亲爱的客户，
对于给您带来的任何不便，我们深感抱歉。请不要担心，我们可以为您提供一台新的替换设备。请您提供以下信息：1. 设备的照片，以保护您免受任何纠纷的影响，包括设备开启和关闭时的屏幕照片，以及后壳照片。请仔细确认手机是否遭受过摔落/压力/水浸或类似损坏。2. 请确认以下地址是否正确，以便我们为您提供免费的退货标签。期待尽快收到您的回复！"
无法将数据转移，因为手机无法充电。,亲爱的客户，我们非常抱歉。如果您确实需要手机上的数据，您可以向朋友寻求帮助，通过电脑登录您的iCloud并备份您的数据。同时，您也可以通过电脑删除iCloud。附上的视频链接将指导您如何删除iCloud。谢谢您的支持！??
iPhone升温速度很快，希望退换,亲爱的客户，我们为任何不便向您道歉。当您第一次开始使用手机时，有许多需要下载和运行的程序，这可能会导致手机发热。我们建议您再使用1到2周，并等待手机稳定下来。如果问题仍然存在，我们将为您更换手机。感谢您的支持！
不接受继续使用，需要更换,"：亲爱的客户，
请您在发货前给我们发送设备的照片，以保护您免受任何纠纷的影响，包括设备的开启和关闭的屏幕照片以及背面的照片。
请在附件中找到免费的运输标签。
请仔细遵循以下指示，如果未能遵循这些指示，我们将不得不退还您的设备。
1. 如果您的设备有密码锁，请将其关闭或将密码写在一张纸上并放入包装盒中。
2. 解除与您的iCloud账户的关联。如果退回的手机上仍然连接着iCloud账户，这将延缓您的售后处理过程。如果您无法解除与iCloud账户的关联，请告知我们。
3. 备份您的数据并取出SIM卡。
4. 然后您可以将产品包装好。请使用足够坚固的包装，并将所有收到的配件一起退回。请仔细包装产品，以保护您免受任何纠纷的影响。
5. 在包裹上打印运输标签。
6. 您可以将包裹送到以下地址："
电话充电慢，电池很快耗尽。,亲爱的客户，我们为给您带来的任何不便表示歉意。请不要担心，我们可以为您提供一台新的替换机。请将以下信息发送给我们：1. 设备的照片，以保护您免受任何纠纷的影响，包括开启和关闭的屏幕照片以及后壳照片。请仔细确认手机是否遭受过摔落/压力/水浸或类似损坏。2. 请确认以下地址是否正确，以便我们为您提供免费的退货标签。期待尽快收到您的回复！
"Please translate the following content into Chinese: ""Battery is fully charged and unable to restart. Please return and refund.""","亲爱的客户，
请找到附上的免费运输标签。
请仔细遵循以下说明，如果未按照说明操作，我们将不得不退还您的设备。
1. 如果您的设备有代码锁，请将其关闭或将代码写在一张纸上放入包装盒中。
2. 解除与您的iCloud账户的关联。如果退回的手机上连接了iCloud账户，这将延缓您的售后处理过程。如果您无法解除与iCloud账户的关联，请告知我们。
3. 备份您的数据并取出SIM卡。
4. 然后，您可以将产品包装好。请使用足够坚固的包装，并将所有收到的配件一起退回。请仔细包装产品以保护自己免受任何争议。
5. 在包裹上打印运输标签。
6. 您可以将包裹送到以下地址：法国拉图尔迪格布尔瓦德84240号。
如果这个地址不适合您，您可以在承运人的网站上查看附近的送货点列表。
一旦我们收到您退回的产品并符合要求，我们将在48个工作小时内退款给您。
再次为给您带来的不便表示歉意，并感谢您的理解。
请等待回复！"
请提供我订单的发票。,"你好，
感谢您在我们的网站上购买商品。ECOMMUNITY作为亚马逊卖家，向您发送最近订单的发票（们）文件（们）。
此致，
ECOMMUNITY"
Delivery failed (配送失败),"亲爱的客户，
我们为任何不便向您道歉。物流显示“由于地址错误，您的包裹无法送达”。他们将在今天进行投递。您能否联系承运人取回包裹？这样会更快。请参考以下链接以获取运输详情。感谢您的快速回复！
https://www.colisprive.com/moncolis/pages/detailColis.aspx?numColis=W5000214056692210"
Address is correct. The delivery person does not have any delivery information or contact details.,亲爱的客户，根据物流信息，包裹已于昨天送达，请确认是否已收到。请点击以下链接查看签收证明：https://www.colisprive.com/moncolis/pages/detailColis.aspx?numColis=W5000214056692210
已经收到包裹,亲爱的客户，我们很高兴听到这个消息。我希望您会喜欢它。祝您有个愉快的一天！
"手机脱胶，屏幕脱落，希望更换。

Translation: My phone's adhesive has come off, and the screen has detached. I hope to get it replaced.","亲爱的客户，
我们很抱歉听到这个问题。请您发送一些手机的照片，以展示问题（同时包括开启和关闭的屏幕以及背面覆盖）。请仔细确认手机是否遭受过摔落/挤压/水浸或类似的损坏。谢谢。
问候"
"手机左侧受损，没有摔落、压力或进水的情况。

手机左侧受损，没有发生摔落、受压或进水等情况。","我们为任何不便向您道歉。请不要担心，我们可以在收到后为您提供一份新的替换品。
请确认您的送货地址如下，以便我们可以为您生成免费的退货标签，并指导您如何退回有问题的产品。谢谢，期待您的回复。诚挚地。"
我很失望，退货期间没有手机。,亲爱的客户，如果您不想归还手机，还有另一种解决方案：我们可以提供80欧元的商业优惠。这样一来，就不需要归还手机了。此外，我们必须在此之后告知您，如果您的手机由第三方修理，我们将无法为您的手机提供任何保修。期待您的回复。
I would like to return the defective device and inquire about the duration required.,"亲爱的客户，
请找到附上的免费运输标签。
请仔细遵循以下说明，如果不遵循这些说明，我们将不得不退还您的设备。
1. 如果您的设备有锁定码，请将其关闭或将其写在一张纸上并放入包装盒中。
2. 解除您的iCloud账户连接。如果退回的手机连接了iCloud账户，这将延缓您的售后处理过程。
3. 备份您的数据并取出SIM卡。
4. 然后，您可以将产品包装好。请使用足够坚固的包装，并将所有收到的配件一起退回。请仔细包装产品以保护自己免受潜在的纠纷。
5. 在包裹上打印运输标签。
6. 您可以将包裹送到以下地址：24 AVENUE PASTEUR，76000 ROUEN，法国。
如果这个地址不适合您，您可以查看运输公司的网站以获取附近的投递点列表。
一旦我们收到退回的产品并确认符合要求，我们将在48个工作小时内将替换产品送回给您。
再次为给您带来的不便表示歉意，并感谢您的理解。
期待您的回复！"
The phone has been sent back.,亲爱的客户，谢谢你的信息！我们会跟踪包裹并及时通知您收到的情况。祝您有个愉快的一天，再见！??
"""新状态""是否也意味着100%电池？",亲爱的客户，感谢您的购买。我们无法保证每台翻新手机的电池容量达到100%。根据亚马逊平台的规定，电池容量超过80%的手机是符合条件的。感谢您的理解！
客户已提交退换,"亲爱的客户，
请找到附上的免费运输标签。
请仔细遵循以下说明，如果不遵循这些说明，我们将不得不退还您的设备。
1. 如果您的设备有锁定码，请将其关闭或将其写在一张纸上放入包装盒中。
2. 解除您的iCloud账户连接。如果退还的手机连接了iCloud账户，这将延缓您的售后处理过程。
3. 备份您的数据并取出SIM卡。
4. 然后您可以将产品包装好。请使用足够坚固的包装，并将所有收到的配件一起退还。请仔细包装产品以保护自己免受潜在的纠纷。
5. 在包裹上打印运输标签。
6. 您可以将包裹送到以下地址：38 BIS RUE DE LA DIVISION LECLERC，72460 SAVIGNE L EVEQUE，法国。
如果这个地址不适合您，您可以查看运输公司的网站以获取附近的投递点列表。
一旦我们收到退还的产品并确认符合要求，我们将在48个工作小时内将替换产品送回给您。
再次为给您带来的不便表示歉意，并感谢您的理解。
期待您的回复！"
客户未删除iCloud,"亲爱的客户，
希望您今天一切都好！我们已经收到了您退回的手机。
iCloud账户尚未被删除，请参见附件。请您尽快删除该账户。
您可以远程操作，无需手机，按照我们提供的指南选择“通过icloud.com注销”进行操作，或者按照以下方法操作：
- 打开https://www.icloud.com/并使用与您的设备连接的相同iCloud账户登录
- 点击“查找我的iPhone”
- 在窗口顶部点击“所有设备”
- 选择您要注销的设备
- 请注意，您的设备必须处于离线状态，如果是这样，您应该看到旁边有一个灰色的点（如果设备关闭或未连接到数据网络，也被视为离线状态）
- 点击“从账户中删除”，然后点击“删除”
- 输入您的Apple ID密码并确认
完成这些步骤后，请告诉我。"
物流包裹已经交付,亲爱的客户，希望你今天过得很好！根据物流信息，包裹已经送达。我们将与我们的仓库核实，并在48个工作小时内向您提供解决方案。再见！
